"FullName","LineCount"
"G:\lagoaformosanomomento\src\components-pages\news-detail\NewsDetailPage.tsx","377"
"G:\lagoaformosanomomento\src\components\admin\editor\banner\EditorBannerNew.tsx","368"
"G:\lagoaformosanomomento\src\components\news\gallery\GalleryLayouts.tsx","360"
"G:\lagoaformosanomomento\src\components\RoleSelectionModal.tsx","360"
"G:\lagoaformosanomomento\src\components-pages\news-detail\components\article\ArticleHero.tsx","349"
"G:\lagoaformosanomomento\src\components\common\TermsOfServiceModal.tsx","344"
"G:\lagoaformosanomomento\src\components\common\PricingModal.tsx","341"
"G:\lagoaformosanomomento\src\components\media\YouTubeMetadataForm.tsx","341"
"G:\lagoaformosanomomento\src\components\admin\users\UserDetailModal.tsx","331"
"G:\lagoaformosanomomento\src\components\common\CustomPickers.tsx","329"
"G:\lagoaformosanomomento\src\components\ads\FullWidthPromo.tsx","323"
"G:\lagoaformosanomomento\src\components\admin\editor\layout\EditorBanner.tsx","323"
"G:\lagoaformosanomomento\src\components\news\NewsCard.tsx","322"
"G:\lagoaformosanomomento\src\components\admin\editor\blocks\SmartBlockEditor.tsx","320"
"G:\lagoaformosanomomento\src\components\admin\users\UserDetailSidebar.tsx","319"
"G:\lagoaformosanomomento\src\components\admin\advertisers\popupBuilder\PopupEditor.tsx","317"
"G:\lagoaformosanomomento\src\components\admin\SocialHubTab.tsx","314"
"G:\lagoaformosanomomento\src\providers\DialogProvider.tsx","310"
"G:\lagoaformosanomomento\src\components\media\ChromaKeyVideo.tsx","307"
"G:\lagoaformosanomomento\src\components\admin\UsersTab.tsx","306"
"G:\lagoaformosanomomento\src\components\admin\editor\banner\components\VideoSection.tsx","305"
"G:\lagoaformosanomomento\src\components\admin\editor\banner\YouTubeVideoUploader.tsx","305"
"G:\lagoaformosanomomento\src\components\admin\editor\blocks\ImageUploadBlock.tsx","299"
"G:\lagoaformosanomomento\src\components\admin\users\panels\UserPOSPanel.tsx","298"
"G:\lagoaformosanomomento\src\components-pages\ConstructionPage.tsx","296"
"G:\lagoaformosanomomento\src\components-pages\ConstructionPage_BACKUP.tsx","293"
"G:\lagoaformosanomomento\src\components\common\CustomDialogsDemo.tsx","293"
"G:\lagoaformosanomomento\src\components\user\UserSupportSection.tsx","287"
"G:\lagoaformosanomomento\src\components\admin\users\TicketsModal.tsx","281"
"G:\lagoaformosanomomento\src\components\home\popup\PromoPopupView.tsx","281"
"G:\lagoaformosanomomento\src\components\common\MyAccountModal.tsx","278"
"G:\lagoaformosanomomento\src\components\media\UniversalMediaUploader.tsx","273"
"G:\lagoaformosanomomento\src\components\admin\advertisers\popupBuilder\components\MediaVisualSection.tsx","268"
"G:\lagoaformosanomomento\src\components\admin\advertisers\config\banners\BannerButtonTab.tsx","263"
"G:\lagoaformosanomomento\src\components\admin\EditorTab.tsx","257"
"G:\lagoaformosanomomento\src\components\admin\TagInput.tsx","255"
"G:\lagoaformosanomomento\src\components\home\popup\slide\SpecialEffectsRenderer.tsx","255"
"G:\lagoaformosanomomento\src\components\common\AuthModalsContainer.tsx","253"
"G:\lagoaformosanomomento\src\components\admin\DashboardTab.tsx","252"
"G:\lagoaformosanomomento\src\components\layout\Header.tsx","250"
"G:\lagoaformosanomomento\src\components\admin\advertisers\editor\sections\GeneralSection.tsx","245"
"G:\lagoaformosanomomento\src\components\admin\editor\engagement\ContentEditors.tsx","245"
"G:\lagoaformosanomomento\src\App.tsx","245"
"G:\lagoaformosanomomento\src\components\admin\editor\banner\EditorBanner.tsx","244"
"G:\lagoaformosanomomento\src\components\ErrorReportPanel.tsx","243"
"G:\lagoaformosanomomento\src\components\admin\WorkflowTab.tsx","242"
"G:\lagoaformosanomomento\src\components\admin\advertisers\config\AdvertisersConfigView.tsx","239"
"G:\lagoaformosanomomento\src\components-pages\Home.tsx","235"
"G:\lagoaformosanomomento\src\components\common\AuthorProfileModal.tsx","234"
"G:\lagoaformosanomomento\src\components\admin\advertisers\popupBuilder\PopupStylePanel.tsx","234"
"G:\lagoaformosanomomento\src\components\admin\editor\layout\InspectorSidebar.tsx","228"
"G:\lagoaformosanomomento\src\components-pages\Jobs.tsx","228"
"G:\lagoaformosanomomento\src\components\admin\users\panels\UserSubscriptionPanel.tsx","227"
"G:\lagoaformosanomomento\src\components\admin\advertisers\config\banners\BannerMediaTab.tsx","225"
"G:\lagoaformosanomomento\src\components\admin\users\panels\subscription\AvailableResourcesSection.tsx","224"
"G:\lagoaformosanomomento\src\components\admin\news\NewsList.tsx","220"
"G:\lagoaformosanomomento\src\components\admin\jobs\JobEditModal.tsx","220"
"G:\lagoaformosanomomento\src\components\admin\SettingsTab.tsx","219"
"G:\lagoaformosanomomento\src\components\user\UserStorePOS.tsx","217"
"G:\lagoaformosanomomento\src\components\admin\editor\layout\EditorContent.tsx","216"
"G:\lagoaformosanomomento\src\components-pages\news-detail\components\article\ArticleContent.tsx","213"
"G:\lagoaformosanomomento\src\components\common\AdvertiserCard.tsx","212"
"G:\lagoaformosanomomento\src\components\Login\index.tsx","211"
"G:\lagoaformosanomomento\src\components\admin\editor\layout\EditorSidebar.tsx","209"
"G:\lagoaformosanomomento\src\components\admin\AdminLayout.tsx","208"
"G:\lagoaformosanomomento\src\components\admin\GalleryEditorBlock.tsx","208"
"G:\lagoaformosanomomento\src\components\admin\advertisers\popupBuilder\ThemeSelectorByFilter.tsx","208"
"G:\lagoaformosanomomento\src\components\news\EngagementRenderer.tsx","207"
"G:\lagoaformosanomomento\src\components\admin\editor\banner\components\ImageGallery.tsx","206"
"G:\lagoaformosanomomento\src\components\admin\advertisers\popupBuilder\LivePreviewStage.tsx","204"
"G:\lagoaformosanomomento\src\components\admin\advertisers\popupBuilder\PopupThemePanel.tsx","204"
"G:\lagoaformosanomomento\src\components\admin\settings\FeatureSettings.tsx","203"
"G:\lagoaformosanomomento\src\components\user\SupportTicketDetailsModal.tsx","203"
"G:\lagoaformosanomomento\src\components\common\CustomNotification.tsx","201"
"G:\lagoaformosanomomento\src\components\player\SmartVideoPlayer.tsx","199"
"G:\lagoaformosanomomento\src\components\admin\advertisers\popupBuilder\components\PopupEffectsEditor.tsx","199"
"G:\lagoaformosanomomento\src\components\admin\users\UserEditModal.tsx","199"
"G:\lagoaformosanomomento\src\components\admin\editor\blocks\TextBlock.tsx","198"
"G:\lagoaformosanomomento\src\components\admin\editor\blocks\textblock\inspector\panels\HeadlinePanel.tsx","195"
"G:\lagoaformosanomomento\src\components\admin\editor\layout\EditorCover.tsx","195"
"G:\lagoaformosanomomento\src\components\admin\users\panels\subscription\SubscriptionPlanDetailsModal.tsx","193"
"G:\lagoaformosanomomento\src\components\admin\advertisers\editor\components\UserLinker.tsx","193"
"G:\lagoaformosanomomento\src\components\admin\editor\EditorCanvas.tsx","191"
"G:\lagoaformosanomomento\src\components\admin\advertisers\editor\AdvertiserEditor.tsx","191"
"G:\lagoaformosanomomento\src\components\admin\advertisers\config\shared\UserLinkSection.tsx","190"
"G:\lagoaformosanomomento\src\components\admin\editor\banner\CloudinaryVideoUploader.tsx","190"
"G:\lagoaformosanomomento\src\components\forms\MaskedInput.tsx","189"
"G:\lagoaformosanomomento\src\components\admin\advertisers\editor\sections\ProductsSection.tsx","189"
"G:\lagoaformosanomomento\src\components\user\UserResourcesInventory.tsx","187"
"G:\lagoaformosanomomento\src\components\admin\users\panels\UserSupportPanel.tsx","187"
"G:\lagoaformosanomomento\src\components\admin\users\panels\CashbackInfoModal.tsx","185"
"G:\lagoaformosanomomento\src\components\common\ChangelogModal.tsx","184"
"G:\lagoaformosanomomento\src\components\home\popup\PromoPopupSlide.tsx","184"
"G:\lagoaformosanomomento\src\components\admin\users\panels\subscription\WalletSection.tsx","183"
"G:\lagoaformosanomomento\src\components\admin\advertisers\editor\sections\ShowcaseSection.tsx","183"
"G:\lagoaformosanomomento\src\components\admin\EngagementEditorBlock.tsx","179"
"G:\lagoaformosanomomento\src\components\admin\YouTubeConfigModal.tsx","178"
"G:\lagoaformosanomomento\src\components\admin\SocialDistributionOverlay.tsx","177"
"G:\lagoaformosanomomento\src\components-pages\Advertiser.tsx","176"
"G:\lagoaformosanomomento\src\components\layout\header\VisualBanner.tsx","174"
"G:\lagoaformosanomomento\src\components\layout\CategoryMenu.tsx","173"
"G:\lagoaformosanomomento\src\components\admin\editor\banner\banner-components\YouTubeMetadataForm.tsx","172"
"G:\lagoaformosanomomento\src\components\layout\Footer.tsx","171"
"G:\lagoaformosanomomento\src\components\admin\editor\RichContextMenu.tsx","171"
"G:\lagoaformosanomomento\src\components\admin\advertisers\config\panels\BannersPanel.tsx","170"
"G:\lagoaformosanomomento\src\components\admin\editor\PublishSuccessModal.tsx","170"
"G:\lagoaformosanomomento\src\components\admin\JobManager.tsx","170"
"G:\lagoaformosanomomento\src\components\admin\editor\banner\components\LayoutPreview.tsx","170"
"G:\lagoaformosanomomento\src\components\admin\advertisers\config\plans\PlansEditor.tsx","169"
"G:\lagoaformosanomomento\src\components\admin\UserManager.tsx","168"
"G:\lagoaformosanomomento\src\components\news\DailyBread.tsx","166"
"G:\lagoaformosanomomento\src\components\home\popup\mediaPresentations.tsx","165"
"G:\lagoaformosanomomento\src\components\layout\header\NewsTicker.tsx","165"
"G:\lagoaformosanomomento\src\components-pages\Admin\index.tsx","163"
"G:\lagoaformosanomomento\src\components\admin\editor\blocks\MediaBlock.tsx","161"
"G:\lagoaformosanomomento\src\components\admin\editor\CelebrationBlocks.tsx","160"
"G:\lagoaformosanomomento\src\components\admin\DeveloperTab.tsx","160"
"G:\lagoaformosanomomento\src\components\admin\editor\banner\components\VideoTrimSelector.tsx","160"
"G:\lagoaformosanomomento\src\components\admin\editor\blocks\text-block-components\DesktopContextMenu.tsx","159"
"G:\lagoaformosanomomento\src\components\admin\users\panels\UserProfilePanel.tsx","159"
"G:\lagoaformosanomomento\src\components\admin\NewsManager.tsx","158"
"G:\lagoaformosanomomento\src\components\admin\editor\EditorContextMenu.tsx","158"
"G:\lagoaformosanomomento\src\components\admin\editor\engagement\VisualEditors.tsx","156"
"G:\lagoaformosanomomento\src\components\admin\advertisers\editor\sections\showcase\RedirectButtonConfig.tsx","156"
"G:\lagoaformosanomomento\src\components\blocks\EngagementBlock.tsx","156"
"G:\lagoaformosanomomento\src\components\admin\editor\blocks\text-block-components\MobileFormattingToolbar.tsx","153"
"G:\lagoaformosanomomento\src\components-pages\ErrorPage.tsx","153"
"G:\lagoaformosanomomento\src\components\admin\advertisers\popupBuilder\PopupSetBuilder.tsx","152"
"G:\lagoaformosanomomento\src\components\admin\DashboardView.tsx","152"
"G:\lagoaformosanomomento\src\components\home\popup\PromoPopupCarousel.tsx","150"
"G:\lagoaformosanomomento\src\components\admin\editor\blocks\SeparatorBlock.tsx","150"
"G:\lagoaformosanomomento\src\components\admin\editor\banner\components\EffectsPanel.tsx","150"
"G:\lagoaformosanomomento\src\components\admin\editor\engagement\PollEditor.tsx","149"
"G:\lagoaformosanomomento\src\components\admin\advertisers\popupBuilder\PopupList.tsx","148"
"G:\lagoaformosanomomento\src\components\admin\settings\IntegrationSettings.tsx","148"
"G:\lagoaformosanomomento\src\components\ads\AdBanner.tsx","143"
"G:\lagoaformosanomomento\src\components\ui\video-thumbnail-player.tsx","143"
"G:\lagoaformosanomomento\src\components\admin\editor\blocks\textblock\inspector\panels\ListPanel.tsx","142"
"G:\lagoaformosanomomento\src\components\common\GlobalModals.tsx","142"
"G:\lagoaformosanomomento\src\components\admin\users\panels\PurchaseHistoryModal.tsx","141"
"G:\lagoaformosanomomento\src\components\admin\editor\blocks\textblock\render\renderers\itemList.tsx","137"
"G:\lagoaformosanomomento\src\components\admin\users\panels\UserPermissionsPanel.tsx","136"
"G:\lagoaformosanomomento\src\components\admin\advertisers\editor\sections\showcase\AdLivePreview.tsx","136"
"G:\lagoaformosanomomento\src\components\admin\users\UserList.tsx","136"
"G:\lagoaformosanomomento\src\components\home\PartnersStrip.tsx","135"
"G:\lagoaformosanomomento\src\components\admin\editor\blocks\textblock\inspector\panels\DividerPanel.tsx","135"
"G:\lagoaformosanomomento\src\components\admin\users\panels\pos\POSCart.tsx","134"
"G:\lagoaformosanomomento\src\components\admin\editor\blocks\media-block-components\VideoEffectsPanel.tsx","134"
"G:\lagoaformosanomomento\src\components\admin\advertisers\editor\sections\CouponsSection.tsx","132"
"G:\lagoaformosanomomento\src\components\admin\editor\blocks\textblock\render\renderers\headlineBlock.tsx","131"
"G:\lagoaformosanomomento\src\components\admin\users\panels\subscription\SubscriptionDatesSection.tsx","130"
"G:\lagoaformosanomomento\src\components\news\GalleryRenderer.tsx","129"
"G:\lagoaformosanomomento\src\components\admin\users\UserListTable.tsx","129"
"G:\lagoaformosanomomento\src\components\admin\advertisers\popup\PreviewStage.tsx","128"
"G:\lagoaformosanomomento\src\components\admin\advertisers\list\AdvertiserRow.tsx","128"
"G:\lagoaformosanomomento\src\components\admin\editor\blocks\VideoLinkBlock.tsx","128"
"G:\lagoaformosanomomento\src\components\admin\editor\blocks\textblock\inspector\panels\QuotePanel.tsx","128"
"G:\lagoaformosanomomento\src\components\home\MainNewsGrid.tsx","127"
"G:\lagoaformosanomomento\src\components\layout\header\ExtraMenu.tsx","127"
"G:\lagoaformosanomomento\src\components\layout\header\DataBar.tsx","125"
"G:\lagoaformosanomomento\src\components\admin\users\panels\subscription\CreditItemControl.tsx","125"
"G:\lagoaformosanomomento\src\components\admin\users\panels\pos\POSModals.tsx","124"
"G:\lagoaformosanomomento\src\components\admin\jobs\JobListTable.tsx","124"
"G:\lagoaformosanomomento\src\components\admin\editor\blocks\textblock\inspector\InspectorTextBlock.tsx","123"
"G:\lagoaformosanomomento\src\components\admin\advertisers\config\panels\OverviewPanel.tsx","123"
"G:\lagoaformosanomomento\src\components\home\popup\PromoPopupHost.tsx","122"
"G:\lagoaformosanomomento\src\components-pages\news-detail\components\article\CommentsSection.tsx","120"
"G:\lagoaformosanomomento\src\components\common\ConfirmationModal.tsx","118"
"G:\lagoaformosanomomento\src\components\admin\advertisers\AdvertisersManager.tsx","118"
"G:\lagoaformosanomomento\src\components-pages\news-detail\components\article\renderers\RenderDivider.tsx","118"
"G:\lagoaformosanomomento\src\components\home\popup\slide\SlideMediaLayer.tsx","116"
"G:\lagoaformosanomomento\src\components\news\gallery\GalleryLightbox.tsx","115"
"G:\lagoaformosanomomento\src\components\admin\editor\blocks\textblock\inspector\panels\CurrentTextPanel.tsx","115"
"G:\lagoaformosanomomento\src\components\admin\editor\blocks\textblock\render\renderers\quoteAspas.tsx","114"
"G:\lagoaformosanomomento\src\components\common\ErrorAlertModal.tsx","114"
"G:\lagoaformosanomomento\src\app\not-found.tsx","113"
"G:\lagoaformosanomomento\src\app\global-error.tsx","113"
"G:\lagoaformosanomomento\src\components\admin\users\panels\UserStatsPanel.tsx","112"
"G:\lagoaformosanomomento\src\components\admin\editor\blocks\media\EffectsPanel.tsx","111"
"G:\lagoaformosanomomento\src\components\common\my-account\SidebarNav.tsx","109"
"G:\lagoaformosanomomento\src\components\admin\advertisers\config\plans\PlanForm.tsx","108"
"G:\lagoaformosanomomento\src\components\admin\advertisers\list\AdvertisersListView.tsx","108"
"G:\lagoaformosanomomento\src\components\admin\advertisers\config\banners\BannerTextTab.tsx","107"
"G:\lagoaformosanomomento\src\components\admin\advertisers\config\ConfigTabs.tsx","105"
"G:\lagoaformosanomomento\src\components\common\ConfirmModal.tsx","105"
"G:\lagoaformosanomomento\src\components\admin\editor\blocks\text-block-components\TextBlockStyles.tsx","105"
"G:\lagoaformosanomomento\src\components\admin\editor\engagement\PollQuizEditors.tsx","104"
"G:\lagoaformosanomomento\src\components\common\AccessDeniedModal.tsx","104"
"G:\lagoaformosanomomento\src\components\media\MediaUploader.tsx","103"
"G:\lagoaformosanomomento\src\components\common\SuccessModal.tsx","102"
"G:\lagoaformosanomomento\src\components\admin\users\panels\subscription\ActivePlansSection.tsx","102"
"G:\lagoaformosanomomento\src\components\common\ActivityToastHost.tsx","101"
"G:\lagoaformosanomomento\src\components\admin\advertisers\config\plans\PlanFeaturesForm.tsx","100"
"G:\lagoaformosanomomento\src\components-pages\news-detail\components\article\renderers\RenderVideo.tsx","100"
"G:\lagoaformosanomomento\src\components\home\popup\slide\SlideContentLayer.tsx","98"
"G:\lagoaformosanomomento\src\components-pages\news-detail\components\article\renderers\RenderHeading.tsx","97"
"G:\lagoaformosanomomento\src\components-pages\news-detail\components\article\renderers\RenderList.tsx","97"
"G:\lagoaformosanomomento\src\components-pages\news-detail\components\article\renderers\RenderParagraph.tsx","97"
"G:\lagoaformosanomomento\src\components\admin\advertisers\config\placements\PlacementsEditor.tsx","97"
"G:\lagoaformosanomomento\src\components\common\LoadingScreen.tsx","97"
"G:\lagoaformosanomomento\src\components\admin\inspector\BlockSpecificControls.tsx","95"
"G:\lagoaformosanomomento\src\components-pages\news-detail\components\article\renderers\RenderQuote.tsx","95"
"G:\lagoaformosanomomento\src\components\admin\news\NewsFilterHeader.tsx","94"
"G:\lagoaformosanomomento\src\components\common\FaviconAnimator.tsx","93"
"G:\lagoaformosanomomento\src\components\admin\settings\FooterSettings.tsx","93"
"G:\lagoaformosanomomento\src\components\common\PermissionModal.tsx","92"
"G:\lagoaformosanomomento\src\components\admin\editor\layout\EditorHeader.tsx","92"
"G:\lagoaformosanomomento\src\components\admin\editor\blocks\SmartBlockRenderer.tsx","88"
"G:\lagoaformosanomomento\src\components\admin\advertisers\list\AdvertisersListToolbar.tsx","87"
"G:\lagoaformosanomomento\src\components\home\PromoPopup.tsx","87"
"G:\lagoaformosanomomento\src\components\role-wizard\StepAddress.tsx","87"
"G:\lagoaformosanomomento\src\components\admin\editor\engagement\QuickUploader.tsx","87"
"G:\lagoaformosanomomento\src\components\home\world\VerticalNewsColumn.tsx","86"
"G:\lagoaformosanomomento\src\components\admin\editor\EditorHeader.tsx","86"
"G:\lagoaformosanomomento\src\components\admin\advertisers\config\placements\PlacementCard.tsx","79"
"G:\lagoaformosanomomento\src\components\admin\editor\gallery\GalleryGridControls.tsx","79"
"G:\lagoaformosanomomento\src\components\admin\editor\blocks\textblock\render\renderers\currentText.tsx","78"
"G:\lagoaformosanomomento\src\components\admin\advertisers\config\upcoming\UpcomingModulesPanel.tsx","77"
"G:\lagoaformosanomomento\src\components\admin\advertisers\popupBuilder\components\MediaSourceSection.tsx","77"
"G:\lagoaformosanomomento\src\components\common\SecureImage.tsx","76"
"G:\lagoaformosanomomento\src\components\admin\users\panels\subscription\LinkedAdsSection.tsx","76"
"G:\lagoaformosanomomento\src\components\admin\users\panels\UserPostsPanel.tsx","76"
"G:\lagoaformosanomomento\src\components\common\my-account\billing\AdvertiserList.tsx","74"
"G:\lagoaformosanomomento\src\components\admin\editor\layout\EditorMobileDock.tsx","74"
"G:\lagoaformosanomomento\src\components\blocks\engagement\RankingWidget.tsx","74"
"G:\lagoaformosanomomento\src\components-pages\news-detail\components\tools\FontSizeControls.tsx","74"
"G:\lagoaformosanomomento\src\components\admin\users\panels\UserFinancialPanel.tsx","74"
"G:\lagoaformosanomomento\src\components\admin\editor\engagement\ComparisonEditor.tsx","73"
"G:\lagoaformosanomomento\src\components\role-wizard\StepSecurity.tsx","71"
"G:\lagoaformosanomomento\src\components\admin\advertisers\editor\sections\SalesSection.tsx","70"
"G:\lagoaformosanomomento\src\components\admin\editor\EditorMeta.tsx","69"
"G:\lagoaformosanomomento\src\components\common\SessionExpiredModal.tsx","69"
"G:\lagoaformosanomomento\src\components\common\NetworkStatusBanner.tsx","69"
"G:\lagoaformosanomomento\src\components\common\my-account\billing\PlanList.tsx","69"
"G:\lagoaformosanomomento\src\components\admin\advertisers\config\banners\WysiwygField.tsx","69"
"G:\lagoaformosanomomento\src\components\admin\editor\blocks\components\MediaBlockOverlays.tsx","68"
"G:\lagoaformosanomomento\src\components-pages\news-detail\components\layout\RightToolsRail.tsx","68"
"G:\lagoaformosanomomento\src\components\admin\editor\engagement\TimelineEditor.tsx","67"
"G:\lagoaformosanomomento\src\components\blocks\engagement\ComparisonWidget.tsx","67"
"G:\lagoaformosanomomento\src\components\home\WorldNewsGrid.tsx","67"
"G:\lagoaformosanomomento\src\components\admin\editor\banner\banner-components\GalleryConfirmationModal.tsx","66"
"G:\lagoaformosanomomento\src\hooks\useFormValidation.tsx","66"
"G:\lagoaformosanomomento\src\components\admin\advertisers\popupBuilder\PopupMediaPanel.tsx","65"
"G:\lagoaformosanomomento\src\components\admin\advertisers\config\rules\BenefitList.tsx","65"
"G:\lagoaformosanomomento\src\components-pages\news-detail\components\article\AdvertisersFooter.tsx","65"
"G:\lagoaformosanomomento\src\components-pages\news-detail\components\layout\LeftAdsRail.tsx","64"
"G:\lagoaformosanomomento\src\components\common\my-account\ProfileTab.tsx","63"
"G:\lagoaformosanomomento\src\components\admin\users\panels\pos\MarketShelf.tsx","63"
"G:\lagoaformosanomomento\src\components\admin\editor\blocks\textblock\render\renderTextMode.tsx","63"
"G:\lagoaformosanomomento\src\components\admin\advertisers\editor\sections\showcase\InternalPageForm.tsx","62"
"G:\lagoaformosanomomento\src\components\common\my-account\ProfessionalTab.tsx","62"
"G:\lagoaformosanomomento\src\components\common\DebugOverlay.tsx","62"
"G:\lagoaformosanomomento\src\components\blocks\engagement\PollWidget.tsx","61"
"G:\lagoaformosanomomento\src\components\news\Pagination\NewsPagination.tsx","61"
"G:\lagoaformosanomomento\src\components\admin\users\panels\subscription\UtilizedItemsSection.tsx","60"
"G:\lagoaformosanomomento\src\components\blocks\engagement\CountdownWidget.tsx","60"
"G:\lagoaformosanomomento\src\components\admin\advertisers\editor\sections\showcase\MediaControls.tsx","60"
"G:\lagoaformosanomomento\src\components\admin\editor\blocks\media-block-components\YouTubeWizardModal.tsx","60"
"G:\lagoaformosanomomento\src\components\admin\editor\banner\components\MediaTypeSelector.tsx","59"
"G:\lagoaformosanomomento\src\components\home\BreakingNewsBar.tsx","59"
"G:\lagoaformosanomomento\src\components\role-wizard\layout\WizardSidebar.tsx","59"
"G:\lagoaformosanomomento\src\components\admin\editor\engagement\AccordionEditor.tsx","59"
"G:\lagoaformosanomomento\src\components\common\LazyBlock.tsx","59"
"G:\lagoaformosanomomento\src\components\admin\advertisers\config\rules\RulesBenefitsPanel.tsx","57"
"G:\lagoaformosanomomento\src\components\role-wizard\StepPersonal.tsx","56"
"G:\lagoaformosanomomento\src\components-pages\news-detail\components\tools\SavePostButton.tsx","55"
"G:\lagoaformosanomomento\src\components\admin\advertisers\config\plans\PlanPricesTable.tsx","55"
"G:\lagoaformosanomomento\src\components\admin\advertisers\editor\sections\showcase\DisplayLocationsConfig.tsx","54"
"G:\lagoaformosanomomento\src\app\layout.tsx","54"
"G:\lagoaformosanomomento\src\components\common\my-account\BillingTab.tsx","54"
"G:\lagoaformosanomomento\src\components\admin\advertisers\editor\EditorTabs.tsx","53"
"G:\lagoaformosanomomento\src\components\admin\editor\engagement\CountdownEditor.tsx","52"
"G:\lagoaformosanomomento\src\components\blocks\engagement\FlipCardWidget.tsx","52"
"G:\lagoaformosanomomento\src\components\blocks\engagement\QuizWidget.tsx","52"
"G:\lagoaformosanomomento\src\components\admin\editor\media\VideoSourcePicker.tsx","52"
"G:\lagoaformosanomomento\src\components\admin\editor\blocks\TableBlock.tsx","51"
"G:\lagoaformosanomomento\src\components\admin\advertisers\config\upcoming\UpcomingModuleCard.tsx","50"
"G:\lagoaformosanomomento\src\components\admin\editor\engagement\SliderEditor.tsx","50"
"G:\lagoaformosanomomento\src\components\admin\editor\engagement\TestimonialEditor.tsx","50"
"G:\lagoaformosanomomento\src\components\admin\users\UserFilterBar.tsx","50"
"G:\lagoaformosanomomento\src\components\blocks\engagement\ThermometerWidget.tsx","50"
"G:\lagoaformosanomomento\src\components\admin\editor\banner\banner-components\RemovalWarningModal.tsx","49"
"G:\lagoaformosanomomento\src\components\admin\advertisers\list\EmptyState.tsx","48"
"G:\lagoaformosanomomento\src\components\admin\advertisers\config\shared\SaveBar.tsx","46"
"G:\lagoaformosanomomento\src\components\admin\users\UserFilters.tsx","46"
"G:\lagoaformosanomomento\src\app\loading.tsx","46"
"G:\lagoaformosanomomento\src\components\admin\editor\engagement\RankingEditor.tsx","44"
"G:\lagoaformosanomomento\src\components\admin\users\panels\UserAuditPanel.tsx","44"
"G:\lagoaformosanomomento\src\components\admin\editor\engagement\FlipCardEditor.tsx","44"
"G:\lagoaformosanomomento\src\components\admin\editor\gallery\GalleryPreview.tsx","44"
"G:\lagoaformosanomomento\src\components\role-wizard\StepSpecifics.tsx","44"
"G:\lagoaformosanomomento\src\components\home\HeroSection.tsx","44"
"G:\lagoaformosanomomento\src\components\admin\editor\banner\components\LayoutSelector.tsx","44"
"G:\lagoaformosanomomento\src\components\admin\advertisers\config\panels\PromoPopupPanel.tsx","44"
"G:\lagoaformosanomomento\src\components\admin\editor\engagement\CounterEditor.tsx","44"
"G:\lagoaformosanomomento\src\components\admin\advertisers\editor\sections\AdvertiserPopupSection.tsx","43"
"G:\lagoaformosanomomento\src\components\common\Toast.tsx","43"
"G:\lagoaformosanomomento\src\components\admin\advertisers\config\PlansConfigView.tsx","43"
"G:\lagoaformosanomomento\src\components\admin\advertisers\popup\PopupPreview.tsx","42"
"G:\lagoaformosanomomento\src\components\admin\editor\engagement\CTAEditor.tsx","42"
"G:\lagoaformosanomomento\src\components\admin\jobs\JobFilterBar.tsx","41"
"G:\lagoaformosanomomento\src\components-pages\news-detail\components\tools\ShareBar.tsx","40"
"G:\lagoaformosanomomento\src\components\admin\advertisers\editor\sections\showcase\ImageSequenceUploader.tsx","40"
"G:\lagoaformosanomomento\src\components\admin\editor\engagement\ThermometerEditor.tsx","39"
"G:\lagoaformosanomomento\src\components\admin\AdvertisersTab.tsx","38"
"G:\lagoaformosanomomento\src\components\blocks\engagement\AccordionWidget.tsx","38"
"G:\lagoaformosanomomento\src\components\common\Logo.tsx","38"
"G:\lagoaformosanomomento\src\components\admin\advertisers\editor\sections\showcase\VideoUploaderWrapper.tsx","37"
"G:\lagoaformosanomomento\src\components\role-wizard\layout\WizardMobileHeader.tsx","37"
"G:\lagoaformosanomomento\src\components\role-wizard\StepRole.tsx","36"
"G:\lagoaformosanomomento\src\components\admin\inspector\InspectorHeader.tsx","36"
"G:\lagoaformosanomomento\src\components\admin\editor\blocks\textblock\render\renderers\visualDivider.tsx","35"
"G:\lagoaformosanomomento\src\components\admin\editor\banner\banner-components\YouTubeUploadStatus.tsx","35"
"G:\lagoaformosanomomento\src\components\admin\editor\blocks\CTABlock.tsx","34"
"G:\lagoaformosanomomento\src\components\common\TurnstileWidget.tsx","34"
"G:\lagoaformosanomomento\src\components\common\ErrorModal.tsx","34"
"G:\lagoaformosanomomento\src\components\admin\editor\engagement\ReactionEditor.tsx","33"
"G:\lagoaformosanomomento\src\components\common\WelcomeToast.tsx","33"
"G:\lagoaformosanomomento\src\components\common\my-account\SecurityTab.tsx","32"
"G:\lagoaformosanomomento\src\components\common\ErrorBoundary.tsx","31"
"G:\lagoaformosanomomento\src\components\admin\editor\blocks\RelatedBlock.tsx","30"
"G:\lagoaformosanomomento\src\components\blocks\engagement\TestimonialWidget.tsx","30"
"G:\lagoaformosanomomento\src\components\common\my-account\billing\WalletCard.tsx","30"
"G:\lagoaformosanomomento\src\components\blocks\engagement\CTAWidget.tsx","29"
"G:\lagoaformosanomomento\src\components\blocks\engagement\TimelineWidget.tsx","28"
"G:\lagoaformosanomomento\src\components\blocks\engagement\SliderWidget.tsx","27"
"G:\lagoaformosanomomento\src\components\admin\editor\blocks\media\EffectControl.tsx","27"
"G:\lagoaformosanomomento\src\components\blocks\engagement\ReactionWidget.tsx","25"
"G:\lagoaformosanomomento\src\components-pages\news-detail\components\tools\ReadingModeToggle.tsx","24"
"G:\lagoaformosanomomento\src\components-pages\news-detail\components\tools\BackToTopButton.tsx","24"
"G:\lagoaformosanomomento\src\providers\AppControllerProvider.tsx","24"
"G:\lagoaformosanomomento\src\components\blocks\engagement\CounterWidget.tsx","24"
"G:\lagoaformosanomomento\src\components\admin\advertisers\config\panels\PlansPanel.tsx","24"
"G:\lagoaformosanomomento\src\components\admin\editor\blocks\textblock\MobileToolBtn.tsx","23"
"G:\lagoaformosanomomento\src\components\admin\advertisers\config\panels\PlacementsPanel.tsx","22"
"G:\lagoaformosanomomento\src\components\admin\editor\engagement\QuizEditor.tsx","20"
"G:\lagoaformosanomomento\src\components\JobsBoard.tsx","20"
"G:\lagoaformosanomomento\src\components-pages\news-detail\components\layout\ArticleLayout.tsx","15"
"G:\lagoaformosanomomento\src\components-pages\news-detail\components\tools\PrintButton.tsx","11"
"G:\lagoaformosanomomento\src\app\page.tsx","8"
"G:\lagoaformosanomomento\src\components-pages\Login.tsx","1"
"G:\lagoaformosanomomento\src\components-pages\NewsDetail.tsx","1"
